fpr,tpr
0.0,0.0
0.0,0.6828034682080925
0.0,0.6835260115606936
0.0,0.684971098265896
0.0,0.6856936416184971
0.0,0.6885838150289018
0.0,0.9501445086705202
0.0,0.9508670520231214
0.0006165228113440197,0.9934971098265896
0.010275380189066995,0.9992774566473989
0.09227291409782162,1.0
0.09309494451294698,1.0
0.09843814221126182,1.0
0.10008220304151254,1.0
0.11159062885326756,1.0
1.0,1.0
